name,price,status,shipping,freereturns,itemssold
,,False,0,False,0
Vintage Golf Instructional Books By Various Golf Pro's Legends  8 - Books,7500,False,900,False,0
Odyssey DFX 2021 Putter - Choose Your Head Style and Length,,Brand New,,True,15
"Callaway Mavrik Driver - Pick Your Loft, Shaft and Flex",,Brand New,,True,0
Callaway Strata 11 Piece Womens Complete Package Set - 2019 Black Pink,34795,Brand New,,True,68
New ListingTitleist 915F #3 Wood 16.5° - Original Diamana Senior Flex Graphite,999,Pre-Owned,1800,False,0
TOP-FLITE XL Men's 13-Piece Complete Golf Club Set – Graphite/Steel - LH & RH,27199,Brand New,,False,34
New Taylormade TP Collection Black Copper Putter - Choose Model / Length / LH RH,,Brand New,,False,158
New Listing2021 Callaway EPIC Speed LD Driver Head Only 5* Degree Long Drive - New,35999,Brand New,1500,False,0
CALLAWAY EPIC FLASH FAIRWAY 3 WOOD GRAPHITE 5.5,11789,Pre-Owned,,False,491
New ListingCleveland Golf Hi Bore 8.5 Driver RH UST I Rod X Flex Shafted,4500,Pre-Owned,1270,False,0
New ListingPing G5 4-PW black dot stiff flex,13900,Pre-Owned,,False,0
CALLAWAY 2020 MAVRIK PRO 3 HYBRID GRAPHITE STIFF,13589,Pre-Owned,,False,0
Callaway STRATA 11 Piece Complete Set w/ Bag Womens Right Hand,32495,Brand New,,True,16
Cleveland CBX 2 Wedge - Steel Pick Your Loft,,Brand New,,True,60
Taylormade SIM 2 Max Single Irons - Steel or Graphite,1142812857,Brand New,,False,63
"NEW 2021 RH Cleveland RTX Zipcore Wedge | Choose Your Color, Loft, & Bounce",1259914899,Brand New,,True,47
Lady Cobra F-Max Black/Pink Driver 15° Right Hand Women's Flex Graphite,17999,Brand New,,True,112
CALLAWAY 2020 MAVRIK MAX IRONS IRON SETS 5-PW STEEL REGULAR,49589,Pre-Owned,,False,0
Callaway Mavrik Custom Single Irons - Pick Steel or Graphite Shafts,1142812856,Brand New,,False,0
"New ListingUsed RH Cobra MAX Iron Set 4-P,G Regular Flex Graphite Shafts ",4999,Pre-Owned,1799,False,0
Orlimar Golf Club Escape Fairway Wood NEW,4799,Brand New,,False,0
New ListingTaylorMade Golf Club M5 14* 3 Wood Stiff Graphite Value,12999,Pre-Owned,,True,0
TaylorMade Golf Club SIM MAX D 16* 3 Wood Regular Graphite Very Good,14999,Pre-Owned,,True,89
New Taylormade Spider Tour Diamond Interactive Putter Choose Head Model HCO,14899,Brand New,,False,156
New Listingping i15 irons 3-PW white dot AWT steel shafts stiff flex jumbomax grips RH EUC,99,Pre-Owned,2000,False,0
Cobra Golf Club King OS 4 Iron Individual Stiff Steel Mint,3999,Pre-Owned,,True,0
Top Flite XL 13-Piece Complete Golf Set w/ Bag Right Handed - 2021 - Pick Color,25995,Brand New,,True,0
"CALLAWAY 2020 MAVRIK IRONS IRON SETS 4-PW,AW STEEL REGULAR",61919,Pre-Owned,,False,0
Callaway Mack Daddy 5 MD5 Jaws Milled Wedge - Pick Tour Grey or Chrome,,Brand New,,True,0
Cleveland Launcher XL Halo Custom Single Irons - Pick Steel or Graphite,1142812857,Brand New,,False,0
New ListingWomen's TaylorMade Rescue Mid #3 Hybrid 19° - Original Graphite,999,Pre-Owned,1600,False,0
New ListingTaylormade TI BUBBLE 2 Golf Iron Set 3-PW SW L-60 Ladies Flex Graphite Shafts RH,19999,Pre-Owned,3205,False,0
Callaway Strata Plus 14 Piece Complete Set w/Bag Men Right Hand 2021,37995,Brand New,,True,17
New Listingcobra king forged tec one length irons,30000,Pre-Owned,,False,0
New Odyssey EXO Putter - Choose LH/RH Model Length Stroke Lab or Standard Exo,13099,Brand New,,False,72
CALLAWAY 2020 MAVRIK SZ FAIRWAY 5 WOOD GRAPHITE STIFF,15029,Pre-Owned,,False,0
New ListingUsed RH Titleist TS2 15* Fairway Wood - Stiff Flex Graphite (HC) ,1499,Pre-Owned,1299,False,0
New Taylormade Truss Putter - Choose Model TB1-TB2-TM1-TM2 LH/RH Length,15899,Brand New,,False,175
New TaylorMade SIM2 Max 19* 3 Hybrid Rescue Ventus Blue 7 Stiff S-Flex Graphite ,19500,Brand New,1500,False,0
"Cleveland RTX Zipcore Wedge - Choose Your Color, Loft, and Bounce",1259914899,Brand New,,True,0
"New ListingTaylorMade 2020 P770 #4 & #5 Irons, Steel NS Pro Modus3 120 Extra Stiff Flex",29999,Pre-Owned,1400,False,0
New ListingNike Vapor Fly 3 Wood (15 degree)- Mitsubishi Chemical Tensei Blue 65 R Flex +HC,10900,Pre-Owned,1000,False,0
"New ListingUsed RH Wilson Staff D9 Iron Set 7-P,G Regular Flex Graphite Shafts ",4999,Pre-Owned,1799,False,0
CALLAWAY 2020 MAVRIK MAX FAIRWAY 5 WOOD GRAPHITE WOMENS,12779,Pre-Owned,,False,15
New ListingXXIO X Driver 10.5° Graphite Regular Right 46.25in,30699,Pre-Owned,,True,0
Callaway Mavrik Max 43* Pitching Wedge Stiff Steel Very Good,5999,Pre-Owned,1199,True,0
New ListingCobra Irons Amp Cell-S 4-GW (8 Irons),16900,Pre-Owned,1499,False,0
New ListingTitleist 913F fairway wood stiff,10000,Pre-Owned,1595,False,0
New ListingUsed RH Ping G410 Single 5 Iron Black Dot - Alta Seniors SR Flex Graphite Shaft,1850,Pre-Owned,1299,False,0
New ListingTaylormade m4 driver 10.5 -Extra stiff,10000,Pre-Owned,1355,False,0
New Callaway Big Bertha OS Hybrid choose LH/RH Loft & Flex,11199,Brand New,,False,99
"New ListingPing G400 4-PW, AW Iron Set Regular -0.50 inch Black Dot Value",47999,Pre-Owned,,True,0
"New ListingLadies Golf Set. Taylormade, Callaway, Adams. Driver thru Putter! 12 pcs. GUC! ",42500,Pre-Owned,,False,0
#1 IDRIVE Hybrid Clubs (CHOOSE)1 2 3 4 5 6 7 8 9 PW SW LW FREE SHIP UTILITY CLUB,54956495,Brand New,,False,215
New ListingNike Vapor Fly Driver -  Mitsubishi Chemical Tensei Blue 50 R Flex + HC,15900,Pre-Owned,1000,False,0
New Cobra Fly-Z XL Iron Set 7-PW Senior Flex Graphite RH,14999,Brand New,,False,0
New Cobra Baffler XL Hybrid #4 22* Stiff Flex Graphite RH,3999,Brand New,1095,False,0
NEW Mizuno Golf JPX 919 Sand or Lob Wedge - Choose Club(s) & Length,599915999,Brand New,,True,19
"New Cleveland CBX 2 Wedge - Choose Club, Shaft & Dexterity",1079911499,Brand New,,True,17
New Taylormade P790 UDI Utility Iron Hybrid - Choose Shaft Flex RH / LH,19999,Brand New,,False,0
"Men's TaylorMade Spider Tour Black #3 Putter - 34"" - RH",19999,Brand New,,True,0
"NEW Odyssey White Hot Pro 2.0 Golf Putter Model #1 SuperStroke Grip Mens RH 34""",11999,Brand New,,False,0
Callaway Strata Plus 14-Piece Women's Complete Package Golf Set,44799,Brand New,,True,17
New Taylormade Sim Max Hybrid Rescue - Choose Loft and Flex Sim Max,19999,Brand New,,False,91
Taylormade SIM 2 Max OS Single Irons - Steel or Graphite,1142812857,Brand New,,False,0
Taylormade P790 Custom 2021 Single Irons - Pick Steel or Graphite Shaft,1857121071,Brand New,,False,0
